-- phpMyAdmin SQL Dump
-- version 4.9.2
-- https://www.phpmyadmin.net/
--
-- Host: 127.0.0.1
-- Generation Time: Apr 08, 2020 at 05:25 PM
-- Server version: 10.4.11-MariaDB
-- PHP Version: 7.4.1

SET SQL_MODE = "NO_AUTO_VALUE_ON_ZERO";
SET AUTOCOMMIT = 0;
START TRANSACTION;
SET time_zone = "+00:00";


/*!40101 SET @OLD_CHARACTER_SET_CLIENT=@@CHARACTER_SET_CLIENT */;
/*!40101 SET @OLD_CHARACTER_SET_RESULTS=@@CHARACTER_SET_RESULTS */;
/*!40101 SET @OLD_COLLATION_CONNECTION=@@COLLATION_CONNECTION */;
/*!40101 SET NAMES utf8mb4 */;

--
-- Database: `mypos`
--

-- --------------------------------------------------------

--
-- Table structure for table `customer`
--

CREATE TABLE `customer` (
  `customer_id` int(11) NOT NULL,
  `name` varchar(100) NOT NULL,
  `gender` enum('L','P') NOT NULL,
  `phone` varchar(20) NOT NULL,
  `address` text NOT NULL,
  `created` datetime NOT NULL DEFAULT current_timestamp(),
  `updated` datetime DEFAULT NULL
) ENGINE=InnoDB DEFAULT CHARSET=utf8mb4;

--
-- Dumping data for table `customer`
--

INSERT INTO `customer` (`customer_id`, `name`, `gender`, `phone`, `address`, `created`, `updated`) VALUES
(1, 'wahyu s', 'L', '12121221', 'adwaijdad', '2020-03-22 16:43:16', NULL);

-- --------------------------------------------------------

--
-- Table structure for table `p_category`
--

CREATE TABLE `p_category` (
  `category_id` int(11) NOT NULL,
  `name` varchar(100) NOT NULL,
  `created` datetime NOT NULL DEFAULT current_timestamp(),
  `updated` datetime DEFAULT NULL
) ENGINE=InnoDB DEFAULT CHARSET=utf8mb4;

--
-- Dumping data for table `p_category`
--

INSERT INTO `p_category` (`category_id`, `name`, `created`, `updated`) VALUES
(2, 'Perkotak', '2020-03-22 17:27:55', '2020-03-22 14:08:00'),
(3, 'Perbiji', '2020-03-23 02:54:41', NULL),
(4, 'perkarung', '2020-04-01 12:50:09', NULL);

-- --------------------------------------------------------

--
-- Table structure for table `p_item`
--

CREATE TABLE `p_item` (
  `item_id` int(11) NOT NULL,
  `barcode` varchar(100) DEFAULT NULL,
  `name` varchar(100) DEFAULT NULL,
  `category_id` int(11) NOT NULL,
  `unit_id` int(11) NOT NULL,
  `price` int(11) NOT NULL,
  `stock` int(10) NOT NULL DEFAULT 0,
  `image` varchar(100) DEFAULT NULL,
  `created` datetime NOT NULL DEFAULT current_timestamp(),
  `updated` datetime DEFAULT NULL
) ENGINE=InnoDB DEFAULT CHARSET=utf8mb4;

--
-- Dumping data for table `p_item`
--

INSERT INTO `p_item` (`item_id`, `barcode`, `name`, `category_id`, `unit_id`, `price`, `stock`, `image`, `created`, `updated`) VALUES
(2, 'A0012', 'Kopi Stamina', 2, 2, 35000, 35, 'item-200326-8929eb5faa.jpeg', '2020-03-22 23:21:18', '2020-04-04 16:42:44'),
(13, 'A0120', 'formula', 2, 2, 11111, 0, 'item-200326-9eb7435a70.jpeg', '2020-03-25 02:39:06', '2020-03-26 18:43:35'),
(14, 'A0123', 'qwdw', 2, 2, 121213, 18, 'item-200325-2f72f96e0c.png', '2020-03-26 03:27:43', '2020-03-25 22:34:38'),
(21, 'kkkk', 'pqkeq', 3, 4, 90000, 20, 'item-200329-8263df9d35.png', '2020-03-29 16:23:06', NULL),
(23, 'facebook.com', 'awo[ka', 2, 2, 1938190, 0, 'item-200405-5010912212.jpg', '2020-04-05 20:55:21', '2020-04-08 16:46:40');

-- --------------------------------------------------------

--
-- Table structure for table `p_unit`
--

CREATE TABLE `p_unit` (
  `unit_id` int(11) NOT NULL,
  `name` varchar(100) NOT NULL,
  `created` datetime NOT NULL DEFAULT current_timestamp(),
  `updated` datetime DEFAULT NULL
) ENGINE=InnoDB DEFAULT CHARSET=utf8mb4;

--
-- Dumping data for table `p_unit`
--

INSERT INTO `p_unit` (`unit_id`, `name`, `created`, `updated`) VALUES
(2, 'Perkotak', '2020-03-22 17:27:55', '2020-03-22 14:28:26'),
(4, 'Selusin', '2020-03-22 20:28:47', NULL),
(5, 'Perkilo', '2020-04-01 11:20:50', NULL);

-- --------------------------------------------------------

--
-- Table structure for table `supplier`
--

CREATE TABLE `supplier` (
  `supplier_id` int(11) NOT NULL,
  `name` varchar(100) NOT NULL,
  `phone` varchar(15) NOT NULL,
  `address` varchar(200) NOT NULL,
  `description` text DEFAULT NULL,
  `created` datetime NOT NULL DEFAULT current_timestamp(),
  `updated` datetime DEFAULT NULL
) ENGINE=InnoDB DEFAULT CHARSET=utf8mb4;

--
-- Dumping data for table `supplier`
--

INSERT INTO `supplier` (`supplier_id`, `name`, `phone`, `address`, `description`, `created`, `updated`) VALUES
(3, 'lkanwdoin', 'owdnoin', 'wudhnowuod', 'uowidoiwi', '2020-03-17 13:54:37', NULL);

-- --------------------------------------------------------

--
-- Table structure for table `t_cart`
--

CREATE TABLE `t_cart` (
  `cart_id` int(11) NOT NULL,
  `item_id` int(11) NOT NULL,
  `price` int(11) NOT NULL,
  `qty` int(10) NOT NULL,
  `discount_item` int(11) NOT NULL DEFAULT 0,
  `total` int(11) NOT NULL,
  `user_id` int(11) NOT NULL
) ENGINE=InnoDB DEFAULT CHARSET=utf8mb4;

-- --------------------------------------------------------

--
-- Table structure for table `t_sale`
--

CREATE TABLE `t_sale` (
  `sale_id` int(11) NOT NULL,
  `invoice` varchar(50) NOT NULL,
  `customer_id` int(11) DEFAULT NULL,
  `total_price` int(11) NOT NULL,
  `discount` int(11) NOT NULL,
  `final_price` int(11) NOT NULL,
  `cash` int(11) NOT NULL,
  `remaining` int(11) NOT NULL,
  `note` text NOT NULL,
  `date` date NOT NULL,
  `user_id` int(11) NOT NULL,
  `created` datetime NOT NULL DEFAULT current_timestamp()
) ENGINE=InnoDB DEFAULT CHARSET=utf8mb4;

--
-- Dumping data for table `t_sale`
--

INSERT INTO `t_sale` (`sale_id`, `invoice`, `customer_id`, `total_price`, `discount`, `final_price`, `cash`, `remaining`, `note`, `date`, `user_id`, `created`) VALUES
(45, 'MP2004050001', NULL, 347426, 5000, 342426, 342426, 0, 'LUNAS', '2020-04-05', 1, '2020-04-05 23:41:41'),
(46, 'MP2004050001', NULL, 69800, 500, 69300, 70000, 700, 'Lunas', '2020-04-05', 1, '2020-04-06 02:31:51');

-- --------------------------------------------------------

--
-- Table structure for table `t_sale_detail`
--

CREATE TABLE `t_sale_detail` (
  `detail_id` int(11) NOT NULL,
  `sale_id` int(11) NOT NULL,
  `item_id` int(11) NOT NULL,
  `price` int(11) NOT NULL,
  `qty` int(10) NOT NULL,
  `discount_item` int(11) NOT NULL,
  `total` int(11) NOT NULL
) ENGINE=InnoDB DEFAULT CHARSET=utf8mb4;

--
-- Dumping data for table `t_sale_detail`
--

INSERT INTO `t_sale_detail` (`detail_id`, `sale_id`, `item_id`, `price`, `qty`, `discount_item`, `total`) VALUES
(49, 45, 2, 35000, 3, 0, 105000),
(50, 45, 14, 121213, 2, 0, 242426),
(51, 46, 2, 35000, 2, 100, 69800);

--
-- Triggers `t_sale_detail`
--
DELIMITER $$
CREATE TRIGGER `stock_min` AFTER INSERT ON `t_sale_detail` FOR EACH ROW BEGIN
	UPDATE p_item SET stock = stock - NEW.qty
    WHERE item_id = NEW.item_id;
END
$$
DELIMITER ;

-- --------------------------------------------------------

--
-- Table structure for table `t_stock`
--

CREATE TABLE `t_stock` (
  `stock_id` int(11) NOT NULL,
  `item_id` int(11) NOT NULL,
  `type` enum('in','out') NOT NULL,
  `detail` varchar(200) NOT NULL,
  `supplier_id` int(11) DEFAULT NULL,
  `qty` int(11) NOT NULL,
  `date` date NOT NULL,
  `created` datetime NOT NULL DEFAULT current_timestamp(),
  `user_id` int(11) NOT NULL
) ENGINE=InnoDB DEFAULT CHARSET=utf8mb4;

--
-- Dumping data for table `t_stock`
--

INSERT INTO `t_stock` (`stock_id`, `item_id`, `type`, `detail`, `supplier_id`, `qty`, `date`, `created`, `user_id`) VALUES
(1, 14, 'in', 'kulakan', 3, 20, '2020-03-31', '2020-03-31 19:36:36', 1),
(3, 21, 'in', 'Kulakan', 3, 20, '2020-03-31', '2020-03-31 19:38:37', 1),
(9, 2, 'in', 'Kulakan', 3, 10, '2020-04-03', '2020-04-04 01:26:34', 1),
(10, 2, 'in', 'kulakan', NULL, 30, '2020-04-04', '2020-04-04 12:09:14', 1);

-- --------------------------------------------------------

--
-- Table structure for table `user`
--

CREATE TABLE `user` (
  `user_id` int(11) NOT NULL,
  `username` varchar(40) NOT NULL,
  `password` varchar(40) NOT NULL,
  `name` varchar(100) NOT NULL,
  `address` varchar(200) DEFAULT NULL,
  `level` int(1) NOT NULL COMMENT '1:admin, 2:kasir'
) ENGINE=InnoDB DEFAULT CHARSET=utf8mb4;

--
-- Dumping data for table `user`
--

INSERT INTO `user` (`user_id`, `username`, `password`, `name`, `address`, `level`) VALUES
(1, 'admin', '7b21848ac9af35be0ddb2d6b9fc3851934db8420', 'Lulung satrio prayuda', 'Jember', 1),
(3, 'admin2', '7b21848ac9af35be0ddb2d6b9fc3851934db8420', 'aaa', 'wdadaw', 1),
(4, 'admin3', '7b21848ac9af35be0ddb2d6b9fc3851934db8420', 'aaa', 'jember', 1),
(8, 'iiiii', '7b21848ac9af35be0ddb2d6b9fc3851934db8420', 'alex', NULL, 2);

--
-- Indexes for dumped tables
--

--
-- Indexes for table `customer`
--
ALTER TABLE `customer`
  ADD PRIMARY KEY (`customer_id`);

--
-- Indexes for table `p_category`
--
ALTER TABLE `p_category`
  ADD PRIMARY KEY (`category_id`);

--
-- Indexes for table `p_item`
--
ALTER TABLE `p_item`
  ADD PRIMARY KEY (`item_id`),
  ADD UNIQUE KEY `barcode` (`barcode`),
  ADD KEY `category_id` (`category_id`),
  ADD KEY `unit_id` (`unit_id`);

--
-- Indexes for table `p_unit`
--
ALTER TABLE `p_unit`
  ADD PRIMARY KEY (`unit_id`);

--
-- Indexes for table `supplier`
--
ALTER TABLE `supplier`
  ADD PRIMARY KEY (`supplier_id`);

--
-- Indexes for table `t_cart`
--
ALTER TABLE `t_cart`
  ADD PRIMARY KEY (`cart_id`),
  ADD KEY `item_id` (`item_id`),
  ADD KEY `user_id` (`user_id`);

--
-- Indexes for table `t_sale`
--
ALTER TABLE `t_sale`
  ADD PRIMARY KEY (`sale_id`);

--
-- Indexes for table `t_sale_detail`
--
ALTER TABLE `t_sale_detail`
  ADD PRIMARY KEY (`detail_id`),
  ADD KEY `item_id` (`item_id`);

--
-- Indexes for table `t_stock`
--
ALTER TABLE `t_stock`
  ADD PRIMARY KEY (`stock_id`),
  ADD KEY `item_id` (`item_id`),
  ADD KEY `supplier_id` (`supplier_id`),
  ADD KEY `user_id` (`user_id`);

--
-- Indexes for table `user`
--
ALTER TABLE `user`
  ADD PRIMARY KEY (`user_id`);

--
-- AUTO_INCREMENT for dumped tables
--

--
-- AUTO_INCREMENT for table `customer`
--
ALTER TABLE `customer`
  MODIFY `customer_id` int(11) NOT NULL AUTO_INCREMENT, AUTO_INCREMENT=5;

--
-- AUTO_INCREMENT for table `p_category`
--
ALTER TABLE `p_category`
  MODIFY `category_id` int(11) NOT NULL AUTO_INCREMENT, AUTO_INCREMENT=5;

--
-- AUTO_INCREMENT for table `p_item`
--
ALTER TABLE `p_item`
  MODIFY `item_id` int(11) NOT NULL AUTO_INCREMENT, AUTO_INCREMENT=25;

--
-- AUTO_INCREMENT for table `p_unit`
--
ALTER TABLE `p_unit`
  MODIFY `unit_id` int(11) NOT NULL AUTO_INCREMENT, AUTO_INCREMENT=6;

--
-- AUTO_INCREMENT for table `supplier`
--
ALTER TABLE `supplier`
  MODIFY `supplier_id` int(11) NOT NULL AUTO_INCREMENT, AUTO_INCREMENT=11;

--
-- AUTO_INCREMENT for table `t_sale`
--
ALTER TABLE `t_sale`
  MODIFY `sale_id` int(11) NOT NULL AUTO_INCREMENT, AUTO_INCREMENT=47;

--
-- AUTO_INCREMENT for table `t_sale_detail`
--
ALTER TABLE `t_sale_detail`
  MODIFY `detail_id` int(11) NOT NULL AUTO_INCREMENT, AUTO_INCREMENT=52;

--
-- AUTO_INCREMENT for table `t_stock`
--
ALTER TABLE `t_stock`
  MODIFY `stock_id` int(11) NOT NULL AUTO_INCREMENT, AUTO_INCREMENT=11;

--
-- AUTO_INCREMENT for table `user`
--
ALTER TABLE `user`
  MODIFY `user_id` int(11) NOT NULL AUTO_INCREMENT, AUTO_INCREMENT=9;

--
-- Constraints for dumped tables
--

--
-- Constraints for table `p_item`
--
ALTER TABLE `p_item`
  ADD CONSTRAINT `p_item_ibfk_1` FOREIGN KEY (`category_id`) REFERENCES `p_category` (`category_id`),
  ADD CONSTRAINT `p_item_ibfk_2` FOREIGN KEY (`unit_id`) REFERENCES `p_unit` (`unit_id`);

--
-- Constraints for table `t_cart`
--
ALTER TABLE `t_cart`
  ADD CONSTRAINT `t_cart_ibfk_1` FOREIGN KEY (`item_id`) REFERENCES `p_item` (`item_id`) ON DELETE CASCADE ON UPDATE CASCADE,
  ADD CONSTRAINT `t_cart_ibfk_2` FOREIGN KEY (`user_id`) REFERENCES `user` (`user_id`);

--
-- Constraints for table `t_sale_detail`
--
ALTER TABLE `t_sale_detail`
  ADD CONSTRAINT `t_sale_detail_ibfk_1` FOREIGN KEY (`item_id`) REFERENCES `p_item` (`item_id`);

--
-- Constraints for table `t_stock`
--
ALTER TABLE `t_stock`
  ADD CONSTRAINT `t_stock_ibfk_1` FOREIGN KEY (`item_id`) REFERENCES `p_item` (`item_id`) ON DELETE CASCADE ON UPDATE CASCADE,
  ADD CONSTRAINT `t_stock_ibfk_2` FOREIGN KEY (`supplier_id`) REFERENCES `supplier` (`supplier_id`),
  ADD CONSTRAINT `t_stock_ibfk_3` FOREIGN KEY (`user_id`) REFERENCES `user` (`user_id`);
COMMIT;

/*!40101 SET CHARACTER_SET_CLIENT=@OLD_CHARACTER_SET_CLIENT */;
/*!40101 SET CHARACTER_SET_RESULTS=@OLD_CHARACTER_SET_RESULTS */;
/*!40101 SET COLLATION_CONNECTION=@OLD_COLLATION_CONNECTION */;
